A1,A2,A3,B1,B2,B3,allele,raw_index
SSYSPS,YTSAATLV,VVSDLGYKLS,LNHDA,SQIVND,ASSIRSSYEQY,HLA-A*02:01,ITRAP_2357
NSASQS,VYSSG,VVNKEDRLM,GTSNPN,SVGIG,AFGQQNTGELF,HLA-A*02:01,VDJdb_69670
TSGFNG,NVLDGL,AVLDSNYQLI,SGHDY,FNNNVP,ASGRLSYNEQF,HLA-B*08:01,ITRAP_3052
TRDTTYY,RNSFDEQN,ALSEAKDEGSEKLV,LNHDA,SQIVND,ASSARSSYEQY,HLA-A*02:01,ITRAP_4203
YGGTVN,YFSGDPLV,AVNELTGGFKTI,LGHDT,YNNKEL,ASRYRLGLCQPQH,HLA-B*08:01,ITRAP_391
SVFSS,VVTGGEV,AIPQKAAGNKLT,MDHEN,SYDVKM,ASSFPQFVTGLPEAF,HLA-A*02:01,ITRAP_3278
TSINN,IRSNERE,ATDASEAAGNKLT,SGDLS,YYNGEE,ASSAGSPAYEQY,HLA-A*02:01,VDJdb_81221
TTLSN,LVKSGEV,AGPIDGGSQGNLI,LNHDA,SQIVND,ASSILSNQPQH,HLA-A*02:01,VDJdb_18373
DSSSTY,IFSNMDM,AETETSYDKVI,SEHNR,FQNEAQ,ASRPRGTTDTQY,HLA-B*08:01,ITRAP_1897
DSASNY,IRSNVGE,AAKEGYSTLT,SGHNS,FNNNVP,ASSFSGNTGELF,HLA-B*08:01,ITRAP_1106
DSASNY,IRSNVGE,AAQGSQGNLI,LNHDA,SQIVND,ASSTFGANVLT,HLA-A*02:01,VDJdb_16462
NSASDY,IRSNMDK,AENGGGGSQGNLI,LNHDA,SQIVND,ASSYRATDTQY,HLA-A*02:01,ITRAP_4123
YGATPY,YFSGDTLV,AVGDNFNKFY,MDHEN,SYDVKM,ASSRTSAKLGEQY,HLA-A*02:01,VDJdb_70014
DRGSQS,IYSNGD,APGAGRRALT,PRHDT,FYEKMQ,ASSLLNEQF,HLA-A*02:01,ITRAP_1896
TSENNYY,QEAYKQQN,AFMTNAGGTSYGKLT,PRHDT,FYEKMQ,ASSLMRGGTYNSPLH,HLA-A*02:01,ITRAP_3989
TISGNEY,GLKNN,IVREINNDMR,MGHRA,YSYEKL,ASSPTPTANYGYT,HLA-B*08:01,ITRAP_3526
NSASQS,VYSSG,VVNNNNDMR,SGHNS,FNNNVP,ASGEANTGELF,HLA-A*02:01,VDJdb_69619
NSASDY,IRSNMDK,AENLGDSSYKLI,SGHNS,FNNNVP,ASSFSGNTGELF,HLA-B*08:01,ITRAP_5765
NIATNDY,GYKTK,LVGDFPNTDKLI,SGHAT,FQNNGV,ASSLGVAGTNTGELF,HLA-B*08:01,ITRAP_4146
TISGTDY,GLTSN,IQSQGGSEKLV,SGHDT,YYEEEE,ASSLRDGSEAF,HLA-B*08:01,ITRAP_366
DRGSQS,IYSNGD,AVQGSTLT,MGHRA,YSYEKL,ASSQGGLTGEGYT,HLA-A*02:01,ITRAP_3085
SSNFYA,MTLNGDE,AFGGGGSQGNLI,LNHDA,SQIVND,ASSIRSVDTQY,HLA-A*02:01,ITRAP_1973
ATGYPS,ATKADDK,ALSRFNAGNNRKLI,LNHDA,SQIVND,ARRPPMELF,HLA-A*02:01,VDJdb_82280
DSSSTY,IFSNMDM,AESEGPTYTDKLI,LNHDA,SQIVND,ASSISGIGTYEQY,HLA-B*08:01,ITRAP_4082
DSAIYN,IQSSQRE,AVMNSGGYQKVT,SGHKS,YYEKEE,ASSGPGGVDEQY,HLA-B*08:01,ITRAP_3032
DRGSQS,IYSNGD,AAYSGGGADGLT,MNHEY,SVGAGI,ACTGRGGNGYT,HLA-A*02:01,VDJdb_70657
NIATNDY,GYKTK,LVGDTYSGAGSYQLT,SGHNT,YYREEE,ASSLLGEPGEAF,HLA-A*02:01,VDJdb_69691
DSASNY,IRSNVGE,AAAETSYDKVI,LGHDT,YNNKEL,ASSYSGGAGELF,HLA-B*08:01,ITRAP_194
DSASNY,IRSNVGE,AATETSYDKVI,SGHNS,FNNNVP,ASSHTQPPPGRTGTYGYT,HLA-B*08:01,ITRAP_1183
SSVSVY,YLSGSTLV,AVSDRAGGTSYGKLT,LGHNA,YNFKEQ,ASSQRPSEVGELF,HLA-B*08:01,ITRAP_2291
YGATPY,YFSGDTLV,AVGGGGGSQGNLI,SGHNS,FNNNVP,ASSSLDVAGYEQY,HLA-A*02:01,ITRAP_4673
NSASDY,IRSNMDK,AENSSLAGKST,MGHRA,YSYEKL,ASSQDRGGPGELF,HLA-B*08:01,ITRAP_3300
TSINN,IRSNERE,ATDALGNGNEKLT,LNHDA,SQIVND,ATQGDNTYEQY,HLA-A*02:01,VDJdb_66048
DRGSQS,IYSNGD,APGGGGNKLT,KGHDR,SFDVKD,ATSDLFNNEQF,HLA-A*02:01,ITRAP_4535
DRGSQS,IYSNGD,AVHLSAYSGAGSYQLT,MGHRA,YSYEKL,ASSQDKGRAYEQY,HLA-A*02:01,VDJdb_66097
DSSSTY,IFSNMDM,AESEGPTYTDKLI,SGHDY,FNNNVP,ASSERTGEFAETQY,HLA-B*08:01,ITRAP_3230
TTLSN,LVKSGEV,AGLANQAGTALI,LNHDA,SQIVND,ASSIGWGGLNTEAF,HLA-B*08:01,ITRAP_2603
TISGNEY,GLKNN,IVREGDRDDKII,SGHNS,FNNNVP,ASSLWGDYEQY,HLA-B*08:01,ITRAP_221
DRGSQS,IYSNGD,AVPSGNTPLV,SNHLY,FYNNEI,ASSEYGGGVAGELF,HLA-A*02:01,ITRAP_5389
YGATPY,YFSGDTLV,AVGTARLM,MNHEY,SMNVEV,ASSLPGTGGSPLH,HLA-B*08:01,ITRAP_4676
DSASNY,IRSNVGE,AAKEGYSTLT,MGHRA,YSYEKL,ASSLLWAEYNEQF,HLA-B*08:01,ITRAP_2768
TTLSN,LVKSGEV,APRNAGGTSYGKLT,SGHVS,FQNEAQ,ASSLGPNTGELF,HLA-A*02:01,VDJdb_22698
DSASNY,IRSNVGE,AVVPGNTGKLI,LNHDA,SQIVND,ASSIRSGESRAF,HLA-A*02:01,ITRAP_317
KALYS,LLKGGEQ,GTDPLGYGGSQGNLI,LNHDA,SQIVND,ASSARSSDTQY,HLA-A*02:01,ITRAP_403
TRDTTYY,RNSFDEQN,ALSEALSNFGNEKLT,LNHDA,SQIVND,ASSIHSGNQPQH,HLA-A*02:01,ITRAP_3974
DRGSQS,IYSNGD,ASLGQNFV,MNHEY,SVGEGT,ASSAGGSYEQY,HLA-A*02:01,ITRAP_4312
VGISA,LSSGK,AVRSSGSQGNLI,MNHEY,SVGAGI,ASSYLYRIGQLEAF,HLA-A*02:01,VDJdb_18584
NSMFDY,ISSIKDK,AASGLKMDSSYKLI,MNHEY,SMNVEV,ASSSTPNRGLAVGQY,HLA-A*02:01,VDJdb_70086
TTLSN,LVKSGEV,AGPGSNTGKLI,LNHDA,SQIVND,ASSIRSSQPQH,HLA-A*02:01,VDJdb_24457
SVFSS,VVTGGEV,AGGGSQGNLI,SGHAT,FQNNGV,ASSLGVAGTNTGELF,HLA-A*02:01,ITRAP_917
DRGSQS,IYSNGD,AGGDDKII,DFQATT,SNEGSKA,SASRTGLGQPQH,HLA-A*02:01,ITRAP_2281
DRGSQS,IYSNGD,AVPLAGTGRRALT,LNHDA,SQIVND,ASSILGVSTDTQY,HLA-A*02:01,ITRAP_2822
DRGSQS,IYSNGD,ALGFQKLV,SGHDT,YYEEEE,ASSFRGLGQPQH,HLA-A*02:01,ITRAP_4560
YGATPY,YFSGDTLV,AVSETSYDKVI,KGHSH,LQKENI,ASSPRDRGGSNEKLF,HLA-B*08:01,ITRAP_768
NYSPAY,IRENEKE,ALKAGTALI,LNHDA,SQIVND,ASSIRASYEQY,HLA-A*02:01,ITRAP_570
ATGYPS,ATKADDK,ARAPLSGSSASKII,SGHTA,FQGNSA,ASSLGTSGGETQY,HLA-A*02:01,ITRAP_2286
TSDPSYG,QGSYDQQN,REYMGSSYKL,SGDLS,YYNGEE,SVEGNQPQ,HLA-A*02:01,IEDB_189771
SIFNT,LYKAGEL,AGPAEVSGGSQGNLI,LNHDA,SQIVND,ASSIIALDTQY,HLA-A*02:01,ITRAP_2908
DSASNY,IRSNVGE,AAKEGGSEKLV,SQVTM,ANQGSEA,SAGGNTEAF,HLA-B*08:01,ITRAP_4328
TTLSN,LVKSGEV,AGTHGGSQGNLI,LNHDA,SQIVND,ASSPRSDSPLH,HLA-A*02:01,ITRAP_4592
TISGNEY,GLKNN,IVRVIVSGGGADGLT,SGHNS,FNNNVP,ASSFSGNTGELF,HLA-B*08:01,ITRAP_806
DSSSTY,IFSNMDM,ALNTRGKLI,SQVTM,ANQGSEA,SAGQGPYEQY,HLA-B*08:01,ITRAP_1607
NSASQS,VYSSG,VVNQISGNTPLV,LGHNA,YSLEER,ASLGDPNTGELF,HLA-A*02:01,VDJdb_78769
DSASNY,IRSNVGE,AASETSYDKVI,MNHEY,SVGAGI,ASSPIPGLQPSEQAETQY,HLA-B*08:01,ITRAP_2716
DRGSQS,IYSNGD,AVFSGSARQLT,MGHRA,YSYEKL,ASSFDHSNEQF,HLA-A*02:01,VDJdb_75563
TRDTTYY,RNSFDEQN,ALSEGGKLI,LNHDA,SQIVND,ASRDLREGDYGYT,HLA-A*02:01,VDJdb_75527
TSINN,IRSNERE,ATDYGNNRLA,SEHNR,FQNEAQ,ARGDANTGELF,HLA-A*02:01,VDJdb_22720
NSASDY,IRSNMDK,AENIGGGSQGNLI,LNHDA,SQIVND,ASSIRSGTEAF,HLA-A*02:01,ITRAP_409
DRGSQS,IYSNGD,AVNPSGYALN,SGHDY,FNNNVP,ASSLGGLGQPQH,HLA-A*02:01,ITRAP_4044
SSVPPY,YTSAATLV,AVSDDNDMR,SGHDY,FNNNVP,ASSQTYEQY,HLA-A*02:01,VDJdb_66194
DSAIYN,IQSSQRE,AVRPESGGGADGLT,DFQATT,SNEGSKA,SASKGYTIY,HLA-A*02:01,ITRAP_2443
DSASNY,IRSNVGE,AASETSYDKVI,SQVTM,ANQGSEA,SVGSGDHGEQF,HLA-B*08:01,ITRAP_1097
TISGTDY,GLTSN,ILTETSYDKVI,SEHNR,FQNEAQ,ASASLGGGLYEQY,HLA-B*08:01,ITRAP_793
DSASNY,IRSNVGE,AARETSYDKVI,SEHNR,FQNEAQ,ASSLVGTKRETQY,HLA-B*08:01,ITRAP_166
TSINN,IRSNERE,ATDSGSTDSWGKLQ,SGHNS,FNNNVP,ASSLRWNPGNTIY,HLA-B*08:01,ITRAP_2994
TSGFNG,NVLDGL,AVMDSNYQLI,DFQATT,SNEGSKA,SARVLTSGETYEQY,HLA-A*02:01,VDJdb_69439
NSASDY,IRSNMDK,AEGETSYDKVI,SEHNR,FQNEAQ,ASSFTGGTGELF,HLA-B*08:01,ITRAP_599
TRDTTYY,RNSFDEQN,ALSEAGTGGSYIPT,SGHTA,FQGNSA,ASSGLEGAGDTQY,HLA-A*02:01,VDJdb_18536
YGATPY,YFSGDTLV,AVGTARLM,MNHEY,SVGAGI,ASSLRFPDIGEQY,HLA-B*08:01,ITRAP_3319
NSAFQY,TYSSGN,AMSPSNFGNEKLT,SGHDN,FVKESK,ASSQDFVLYSGNTIY,HLA-A*02:01,ITRAP_634
DSASNY,IRSNVGE,AASIGQAGTALI,SGDLS,YYNGEE,ASSVVGAGGYNEQF,HLA-A*02:01,ITRAP_5775
DRGSQS,IYSNGD,AVNAPGSSGDKLT,LGHDT,YNNKEL,ASSHFGLGQPQH,HLA-A*02:01,ITRAP_2364
DRGSQS,IYSNGD,AVKYPSGTYKYI,MNHEY,SVGAGI,ASNDRGNGYT,HLA-A*02:01,ITRAP_4457
KTLYG,LQKGGEE,GAAHNYGQNFV,LNHDA,SQIVND,ASSTGLYGYT,HLA-A*02:01,VDJdb_65056
VSGNPY,YITGDNLV,AVRETGANNLF,SGHTA,FQGTGA,ASRRLAGEGQETQY,HLA-A*02:01,ITRAP_4554
DSASNY,IRSNVGE,AASDTSYDKVI,SEHNR,FQNEAQ,ASSFLGQKNSPLH,HLA-B*08:01,ITRAP_2276
TSDPSYG,QGSYDQQN,AMRETNFGNEKLT,SSHAT,FNYEAQ,ASSRNRYTDTQY,HLA-A*02:01,VDJdb_69351
YSGSPE,HISR,ALRVMNRDDKII,LNHDA,SQIVND,ASSTKDGGTGELF,HLA-A*02:01,VDJdb_65961
KALYS,LLKGGEQ,GTEYPNDYKLS,LNHDA,SQIVND,ASSARSSYEQY,HLA-A*02:01,ITRAP_2495
NSASDY,IRSNMDK,AENEGGGSQGNLI,LNHDA,SQIVND,ASSLYASYEQY,HLA-A*02:01,ITRAP_4504
NSMFDY,ISSIKDK,AASVSDSSNTGKLI,SNHLY,FYNNEI,ASRDLAGWNTGELF,HLA-A*02:01,VDJdb_22822
DRGSQS,IYSNGD,AVPITGGGNKLT,MNHEY,SVGEGT,ASSYSSFGTDTQY,HLA-A*02:01,ITRAP_1959
NSASQS,VYSSG,VVNRGDDMR,SEHNR,FQNEAQ,ASSPEDTQY,HLA-A*02:01,VDJdb_78471
NSAFQY,TYSSGN,AMKGKNQGGKLI,LNHDA,SQIVND,ASPDLNTGELF,HLA-A*02:01,VDJdb_22718
NSASQS,VYSSG,VVNKEDDMR,SGHRS,YFSETQ,ASTETNTGELF,HLA-A*02:01,VDJdb_69365
TISGTDY,GLTSN,ILMETSYDKVI,SGHNS,FNNNVP,ASSFSGANYGYT,HLA-B*08:01,ITRAP_432
ATGYPS,ATKADDK,ALTYSGGYNKLI,SGDLS,YYNGEE,ASSVGGSEKNTEAF,HLA-A*02:01,VDJdb_70899
DRGSQS,IYSNGD,AVNGNNNDMR,LNHDA,SQIVND,ASAWGGMTNEQY,HLA-A*02:01,VDJdb_71141
NSMFDY,ISSIKDK,AASAFLGGSEKLV,LNHNV,YYDKDF,ATSERGDLNFGTDTQY,HLA-A*02:01,VDJdb_65512
SIFNT,LYKAGEL,AGGGDGGSQGNLI,LNHDA,SQIVND,ASSHRSGQPQH,HLA-A*02:01,ITRAP_4092
DRGSQS,IYSNGD,AVNDAGKST,MNHEY,SMNVEV,ASSPKGTGLVGNQPQH,HLA-A*02:01,ITRAP_3681
DSAIYN,IQSSQRE,AVANQAGTALI,MNHEY,SMNVEV,ATCLGSSAGELF,HLA-A*02:01,VDJdb_70684
DSASNY,IRSNVGE,AAPETSYDKVI,SGHNS,FNNNVP,ASSPGTSETGELF,HLA-B*08:01,ITRAP_747
DSASNY,IRSNVGE,AAKEGYSTLT,LNHDA,SQIVND,ASSTRSSYEQY,HLA-A*02:01,ITRAP_2676
DRGSQS,IYSNGD,AVSKAAGNKLT,SGHDT,YYEEEE,ASVPRGGQLHSPLH,HLA-A*02:01,ITRAP_3568
VSGLRG,LYSAGEE,AVQAGGNKLT,LNHDA,SQIVND,ASSMRAGVEQF,HLA-A*02:01,VDJdb_18579
NSASQS,VYSSG,VVNIGGGSQGNLI,SGHNS,FNNNVP,ASSFLDRGPNTEAF,HLA-B*08:01,ITRAP_3035
ATGYPS,ATKADDK,ALSAPYSGGGADGLT,SNHLY,FYNNEI,ASSDLNTGELF,HLA-A*02:01,VDJdb_79858
DRGSQS,IYSNGD,APIGGGNKLT,MGHRA,YSYEKL,ASSTSTGTGYGYT,HLA-B*08:01,ITRAP_3274
TISGNEY,GLKNN,IVSPNYGGSQGNLI,MNHEY,SVGEGT,ASSPSGGGFHNEQF,HLA-B*08:01,ITRAP_4444
DRGSQS,IYSNGD,AVIDKLI,MNHEY,SVGEGT,ASSTGFGSPLH,HLA-A*02:01,ITRAP_4568
VSPFSN,MTFSENT,VVSARDNFNKFY,MNHEY,SMNVEV,ASSFGGRGLGFSGNTIY,HLA-A*02:01,ITRAP_1729
TRDTTYY,RNSFDEQN,ALSDYEDSNYQLI,DFQATT,SNEGSKA,SAYDSLNYGYT,HLA-A*02:01,ITRAP_4970
DRGSQS,IYSNGD,AMDSSASKIIFG,DFQATT,SNEGSKA,SALQGLTPEAFFG,HLA-A*02:01,IEDB_25933
DRGSQS,IYSNGD,AVGGGGADGLT,MDHEN,SYDVKM,ASSYGEFGNQPQH,HLA-A*02:01,ITRAP_3847
SIFNT,LYKAGEL,AGPTHNMNYGGSQGNLI,LNHDA,SQIVND,ASSYYSNQPQH,HLA-A*02:01,ITRAP_2134
TSINN,IRSNERE,ATDALNSGYALN,SGDLS,YYNGEE,ASSVDDGAGNTIY,HLA-A*02:01,ITRAP_3907
DSASNY,IRSNVGE,AASETSYDKVI,SGHNS,FNNNVP,ASSFLDRGPNTEAF,HLA-B*08:01,ITRAP_1603
SVFSS,VVTGGEV,AGPSGANNLF,LNHDA,SQIVND,ASSSRASYEQY,HLA-A*02:01,VDJdb_18320
DRGSQS,IYSNGD,AVNNYGQNFV,SGDLS,YYNGEE,ASSVEDYGSVSYGYT,HLA-A*02:01,VDJdb_66119
TRDTTYY,RNSFDEQN,ALSEASTGNQFY,DFQATT,SNEGSKA,SASRGGALYNEQF,HLA-A*02:01,VDJdb_81261
NSASDY,IRSNMDK,AEISSGGSYIPT,SGDLS,YYNGEE,ASSTIEGQGGRHTQY,HLA-A*02:01,VDJdb_65600
VGISA,LSSGK,AVTAYNTDKLI,SGHNS,FNNNVP,ASSFSGNTGELF,HLA-B*08:01,ITRAP_2687
TSENNYY,QEAYKQQN,AFMTNAGGTSYGKLT,SGHAT,FQDESV,ASSLLSGSYEQY,HLA-A*02:01,ITRAP_3515
VSGLRG,LYSAGEE,AVPDNYGQNFV,MNHNY,SVGAGI,ASTTGVNTIY,HLA-A*02:01,ITRAP_3126
DSASNY,IRSNVGE,AAMETSYDKVI,SEHNR,FQNEAQ,ASSSGLAGVNEQF,HLA-B*08:01,ITRAP_5552
DSASNY,IRSNVGE,AAVETSYDKVI,SEHNR,FQNEAQ,ASSPIGEVSPLH,HLA-B*08:01,ITRAP_4466
SVFSS,VVTGGEV,AGGGSQGNLI,MNHEY,SVGAGI,ASSYGTGSSEQY,HLA-A*02:01,VDJdb_18338
TTLSN,LVKSGEV,RNAGGTSYGKLT,MNHEY,SMNVEV,ASSSHQRTGVDEQF,HLA-A*02:01,ITRAP_3376
YGATPY,YFSGDTLV,AVGEDKVI,MGHRA,YSYEKL,ASSHWQTNTEAF,HLA-B*08:01,ITRAP_4423
DSASNY,IRSNVGE,AATYSGAGSYQLT,MNHEY,SMNVEV,ASSNQETQY,HLA-A*02:01,ITRAP_3563
TSGFNG,NVLDGL,AATDSNYQLI,MNHNS,SASEGT,ASSDLPFRFMIWEQY,HLA-A*02:01,ITRAP_3340
VSPFSN,MTFSENT,VGYTNAGKST,SGHVS,FQNEAQ,ASSTLAGVHNEQF,HLA-B*08:01,ITRAP_1085
YSGSPE,HISR,ALGFAADGQKLL,LNHDA,SQIVND,ASRTGNTEAF,HLA-A*02:01,ITRAP_342
TSENNYY,QEAYKQQN,AFMTSPGGTSYGKLT,LNHDA,SQIVND,ASSIGVHGYT,HLA-A*02:01,ITRAP_327
DSASNY,IRSNVGE,AASETSYDKVI,SGDLS,YYNGEE,ASSVAVGTGSGANVLT,HLA-B*08:01,ITRAP_3932
DSSSTY,IFSNMDM,AEMEGGSYIPT,SGHDT,YYEEEE,ASSLRDGSEAF,HLA-B*08:01,ITRAP_1615
DRGSQS,IYSNGD,AVNRNEKLT,SNHLY,FYNNEI,ASSPPGLSGNIQY,HLA-A*02:01,VDJdb_71134
YGATPY,YFSGDTLV,AVFLYGNNRLA,MNHNY,SVGAGI,ASSYGFPTSGGNTGELF,HLA-B*08:01,ITRAP_741
SVFSS,VVTGGEV,AGAGSQGNLI,MGHRA,YSYEKL,ASSLLWAEYNEQF,HLA-B*08:01,ITRAP_4596
TSGFYG,NALDGL,AVRDSAGTALI,LGHDT,YNNKEL,ASSLGTGGSYEQY,HLA-B*08:01,ITRAP_954
DSAIYN,IQSSQRE,AAFSGYSTLT,SGHNS,FNNNVP,ASSFSGNTGELF,HLA-B*08:01,ITRAP_5674
TSESDYY,QEAYKQQN,AYRSADRMDSNYQLI,LNHDA,SQIVND,ASSLLAGPYNEQF,HLA-A*02:01,VDJdb_18445
DRGSQS,IYSNGD,AVPTGNQFY,MNHEY,SMNVEV,ASSFAGGGYEQY,HLA-A*02:01,ITRAP_5321
DSSSTY,IFSNMDM,AEKYKTGANNLF,LNHDA,SQIVND,ASSARSSYEQY,HLA-A*02:01,ITRAP_3631
NSASQS,VYSSG,VVALSNFGNEKLT,DFQATT,SNEGSKA,SASSGVYNEQF,HLA-A*02:01,ITRAP_3816
DRGSQS,IYSNGD,AEGGRGGNKLT,MGHRA,YSYEKL,ASSQEGQARGYT,HLA-A*02:01,VDJdb_719
SVFSS,VVTGGEV,AGGRHSGGGADGLT,MNHNY,SVGAGI,ASSYSRPGLSNQPQH,HLA-A*02:01,VDJdb_64868
DRGSQS,IYSNGD,ALSPGGGSQGNLI,SGDLS,YYNGEE,ASSSGLVSNTGELF,HLA-A*02:01,ITRAP_4765
SVFSS,VVTGGEV,GAGGGSQGNL,LNHDA,SQIVND,SSIRSSDTQ,HLA-A*02:01,IEDB_189757
DSAIYN,IQSSQRE,AVTWDSGGSNYKLT,LNHDA,SQIVND,ASSIRAHYGYT,HLA-A*02:01,VDJdb_75399
DRGSQS,IYSNGD,AVTPTDSWGKLQ,MNHEY,SVGEGT,ASSYGMGQPQH,HLA-A*02:01,ITRAP_4755
DSASNY,IRSNVGE,AASETSYDKVI,LGHDT,YNNKEL,ASSHLGGDRYMNEQF,HLA-B*08:01,ITRAP_5438
DRGSQS,IYSNGD,AVEGGADGLT,SGHAT,FQNNGV,ASSVTGGLNGEETQY,HLA-A*02:01,ITRAP_1121
DSASNY,IRSNVGE,AGYSGAGSYQLT,SGHVS,FNYEAQ,ASSLSSYNEQF,HLA-B*08:01,ITRAP_5497
NSMFDY,ISSIKDK,AASGGGGGADGLT,SEHNR,FQNEAQ,ASSYGNQPQH,HLA-A*02:01,VDJdb_69975
DRGSQS,IYSNGD,ASNSGGGADGLT,SGHRS,YFSETQ,ASSSEAGLAATDTQY,HLA-A*02:01,ITRAP_607
DSSSTY,IFSNMDM,AESLWDDKII,SEHNR,FQNEAQ,ASSFQGDGRDTQY,HLA-B*08:01,ITRAP_4156
NSASQS,VYSSG,VVNMGRGYSTLT,SGHDT,YYEEEE,ASSPVAGGNTGELF,HLA-A*02:01,VDJdb_78878
TSGFNG,NVLDGL,AVRNNNARLM,MNHEY,SVGEGT,ASRSAEAF,HLA-A*02:01,VDJdb_22716
KALYS,LLKGGEQ,GTDKGGGYQKVT,SGHDT,YYEEEE,ASSLRDGSEAF,HLA-B*08:01,ITRAP_100
DSASNY,IRSNVGE,AASETSYDKVI,SEHNR,FQNEAQ,ASSLAGSYEQY,HLA-B*08:01,ITRAP_1341
NSAFQY,TYSSGN,AMSFSNFGNEKLT,SGHDT,YYEEEE,ASSPPNGDSGNTIY,HLA-A*02:01,ITRAP_1579
TSENNYY,QEAYKQQN,AFMKGAGGTSYGKLT,SGDLS,YYNGEE,ASSVRSSMNTEAF,HLA-A*02:01,ITRAP_5234
NSASDY,IRSNMDK,AENMGGGSQGNLI,LNHDA,SQIVND,ASSSRSGETQY,HLA-A*02:01,ITRAP_350
NSASQS,VYSSG,VVNNAGNMLT,LNHNV,YYDKDF,ATQNLNTGELF,HLA-A*02:01,VDJdb_78929
DRGSQS,IYSNGD,AVGMNNDMR,LNHDA,SQIVND,ASSTGGLAGEQY,HLA-A*02:01,VDJdb_723
NSMFDY,ISSIKDK,AAGGGTSYGKLT,DFQATT,SNEGSKA,SARDLGAVYQETQY,HLA-A*02:01,VDJdb_81230
DRGSQS,IYSNGD,AVGGGSNYKLT,MNHEY,SVGEGT,ASSYQGAGGYT,HLA-A*02:01,ITRAP_4473
TSGFNG,NVLDGL,AVSDSNYQLI,LNHDA,SQIVND,ASSIYSNQPQH,HLA-A*02:01,ITRAP_331
DSASNY,IRSNVGE,AASIRPMEYGNKLV,LNHDA,SQIVND,ASSTTGTPGNTIY,HLA-A*02:01,ITRAP_3856
SVFSS,VVTGGEV,AGAGQRGSQGNLI,LNHDA,SQIVND,ASSTYSNQPQH,HLA-A*02:01,ITRAP_2805
SVFSS,VVTGGEV,AGGLTYNQGGKLI,MNHNS,SASEGT,ASSDFQAINQPQH,HLA-A*02:01,IEDB_25774
DRGSQS,IYSNGD,AVNKGFGNVLHCFGNVLH,MNHEY,SMNVEV,ASSFMGATEAF,HLA-A*02:01,IEDB_194115
DRGSQS,IYSNGD,ALGGGGADGLT,MNHEY,SMNVEV,ASSFSSNNEQF,HLA-A*02:01,ITRAP_3705
YGGTVN,YFSGDPLV,AVPNTNAGKST,SGHNT,YYREEE,ASTLRGTGVETQY,HLA-A*02:01,ITRAP_2950
NSASDY,IRSNMDK,AEVSGSARQLT,DFQATT,SNEGSKA,SARDIRGWYEQY,HLA-A*02:01,VDJdb_81123
VSPFSN,MTFSENT,VVLGVMDSNYQLI,KGHSH,LQKENI,ASSLDPGQGWTNTEAF,HLA-A*02:01,ITRAP_1092
DSVNN,IPSGT,AVMKTSYDKVI,SNHLY,FYNNEI,ASSEDRGPYNEQF,HLA-B*08:01,ITRAP_5312
SSVSVY,YLSGSTLV,AVSDGESARLM,LNHDA,SQIVND,ASSIRSSYEQY,HLA-A*02:01,ITRAP_4880
NSASQS,VYSSG,VVNRDDKII,SGHVS,FQNEAQ,ASSDSYGYT,HLA-A*02:01,VDJdb_22846
SIFNT,LYKAGEL,AGQLAGGSQGNLI,LNHDA,SQIVND,ASSISSINEQF,HLA-A*02:01,VDJdb_18306
SVFSS,VVTGGEV,AGGGSSNTGKLI,LNHDA,SQIVND,ASSIRSSYEQY,HLA-A*02:01,ITRAP_516
DRGSQS,IYSNGD,AAPGGATNKLI,MNHEY,SVGAGI,ASSYSTPSWTDTQY,HLA-A*02:01,ITRAP_2205
NSASDY,IRSNMDK,AENSGGGSQGNLI,LNHDA,SQIVND,ASSIRAAETQY,HLA-A*02:01,ITRAP_1763
DSASNY,IRSNVGE,APPLMNTGFQKLV,SEHNR,FQNEAQ,AVEGVYGEAF,HLA-A*02:01,VDJdb_78390
TISGNEY,GLKNN,IVREWDNDMR,SGHVS,FQNEAQ,ASSPRTGNSGANVLT,HLA-B*08:01,ITRAP_123
SSVSVY,YLSGSTLV,AVTDGGSQGNLI,SGHNS,FNNNVP,ASSFSGNTGELF,HLA-B*08:01,ITRAP_3192
NSAFQY,TYSSGN,AMNPSNFGNEKLT,SGHDT,YYEEEE,ASSLDREVVTYEQY,HLA-A*02:01,ITRAP_2960
DRGSQS,IYSNGD,ALGGNNRLAFG,SGHAT,FQNNGV,ASSLQSLLDEKLFFG,HLA-A*02:01,IEDB_25938
VSPFSN,MTFSENT,VGYTNAGKST,SGHNS,FNNNVP,ASSFSGNTGELF,HLA-B*08:01,ITRAP_1454
YGATPY,YFSGDTLV,AVTRDDKII,SGHDT,YYEEEE,ASSLRDGSEAF,HLA-B*08:01,ITRAP_4846
VSGNPY,YITGDNLV,AVSSNSGGYQKVT,SGHVS,FQNEAQ,ASNMGGLLSTDTQY,HLA-A*02:01,ITRAP_5025
NSASQS,VYSSG,VGPRT,MDHEN,SYDVKM,ASSLTGLGQPQH,HLA-A*02:01,ITRAP_625
SVFSS,VVTGGEV,AGGGDGGSQGNLI,LNHDA,SQIVND,ASSIRSGVEQY,HLA-A*02:01,ITRAP_601
DSSSTY,IFSNMDM,AERVTGGGNKLT,MGHRA,YSYEKL,ASSQDPGDEQF,HLA-A*02:01,ITRAP_5604
TSENNYY,QEAYKQQN,AFMKDAGGTSYGKLT,MGHRA,YSYEKL,ASSTSTGTGYGYT,HLA-A*02:01,ITRAP_2408
TISGTDY,GLTSN,ILRTNFGNEKLT,LNHDA,SQIVND,ASSIRSSYEQY,HLA-A*02:01,ITRAP_344
TISGNEY,GLKNN,ILKTGANNLF,SGDLS,YYNGEE,ASSVDPAGGSSYEQY,HLA-A*02:01,VDJdb_64848
NSASQS,VYSSG,VVNNEDDMR,SGHNS,FNNNVP,GSGIQNTGELF,HLA-A*02:01,VDJdb_70411
DSASNY,IRSNVGE,AASETSYDKVI,MNHEY,SVGEGT,ASSYSTWDTTSSYEQY,HLA-B*08:01,ITRAP_3166
YSGSPE,HISR,ALKRSNTGKLI,LNHDA,SQIVND,ASSIRSGYEQF,HLA-A*02:01,VDJdb_65044
TSENNYY,QEAYKQQN,AYTVLGNEKLT,MDHEN,SYDVKM,ASSFTPYNEQF,HLA-A*02:01,VDJdb_648
TISGTDY,GLTSN,ILRDLNAGGTSYGKLT,MNHNS,SASEGT,ASSEVVSTTYEQY,HLA-B*08:01,ITRAP_4532
DRGSQS,IYSNGD,AVSEGSSNTGKLI,LNHDA,SQIVND,ASSTRSSYEQY,HLA-A*02:01,ITRAP_1388
VSGNPY,YITGDNLV,AVRDMRVNGGNQFY,LNHDA,SQIVND,ASLGGGYP,HLA-A*02:01,IEDB_25779
TISGNEY,GLKNN,IVRVPGPWSRGSNYKLT,DFQATT,SNEGSKA,SGIRLASGRSYEQY,HLA-A*02:01,VDJdb_70740
VSGLRG,LYSAGEE,VPVTLGVNRDDKII,SGHTA,FQGNSA,ASSLPRTPGRNTEAF,HLA-A*02:01,ITRAP_2749
DRGSQS,IYSNGD,AVNNARLM,WSHSY,SAAADI,ASSEGFLVADTQY,HLA-A*02:01,ITRAP_1975
TTLSN,LVKSGEV,AGSPIYNQGGKLI,LGHNA,YSLEER,ASSQEWGINEKLF,HLA-A*02:01,IEDB_25758
NSASQS,VYSSG,VVNIPQAGTALI,DFQATT,SNEGSKA,SARGLAEANTGELF,HLA-A*02:01,VDJdb_79883
DRGSQS,IYSNGD,AVNNARLM,LGHNA,YNFKEQ,ASSPSAQGNEQY,HLA-A*02:01,ITRAP_2798
DRGSQS,IYSNGD,AVNSFGTGNTGKLI,MNHEY,SVGAGI,ASSWGVMNTEAF,HLA-A*02:01,ITRAP_4636
YSGSPE,HISR,ALSGRPPESSGAGSYQLT,SGHNS,FNNNVP,ASSFSGNTGELF,HLA-B*08:01,ITRAP_5689
DSAIYN,IQSSQRE,AVSRIKAAGNKLT,LNHDA,SQIVND,ASSIYSNQPQH,HLA-A*02:01,ITRAP_2140
DRGSQS,IYSNGD,AVEGGADGLT,KGHDR,SFDVKD,ATSDPSGTGVETQY,HLA-A*02:01,ITRAP_2700
NSAFQY,TYSSGN,AMSGSNFGNEKLT,SQVTM,ANQGSEA,SVEKGTGELF,HLA-A*02:01,ITRAP_2194
NSASQS,VYSSG,VVNELDGGSQGNLI,LNHDA,SQIVND,ASSSRSSYEQY,HLA-A*02:01,ITRAP_2239
DSVNN,IPSGT,AVATMGSGGSNYKLT,SGHNS,FNNNVP,ASSFSGNTGELF,HLA-A*02:01,ITRAP_942
SVFSS,VVTGGEV,AGASGIHNTDKLI,LNHDA,SQIVND,ASSMRSAYEQY,HLA-A*02:01,VDJdb_24512
NSMFDY,ISSIKDK,VQQARNDYKLS,LNHDA,SQIVND,ASGMIAGGLNERF,HLA-A*02:01,IEDB_25786
DRGSQS,IYSNGD,AVWSGGFKTI,SGHNS,FNNNVP,ASSSLDVAGYEQY,HLA-B*08:01,ITRAP_2778
DRGSQS,IYSNGD,AVNAGNQFY,SGHAT,FQNNGV,ASSLGFLTGELF,HLA-A*02:01,ITRAP_1963
NIATNDY,GYKTK,LVGDWTLMNYGGSQGNLI,SEHNR,FQNEAQ,ASTSQPHEQY,HLA-B*08:01,ITRAP_2966
DRGSQS,IYSNGD,AVSNNNDMR,MGHRA,YSYEKL,ASSQDRWLSGQPQH,HLA-A*02:01,ITRAP_2374
NSASQS,VYSSG,VVNGKGDDMR,SGHVS,FQNEAQ,AIASQNTGELF,HLA-A*02:01,VDJdb_78463
DRGSQS,IYSNGD,AVKNTDKLI,SNHLY,FYNNEI,ASSDSPLSGSPLH,HLA-A*02:01,ITRAP_2285
SVFSS,VVTGGEV,GSGGSQGNL,LNHDA,SQIVND,SVRSTGEL,HLA-A*02:01,IEDB_189768
YGGTVN,YFSGDPLV,AVGGYGGSQGNIL,LNHDA,SQIVND,ASSIRSAYEQY,HLA-A*02:01,VDJdb_83975
DSSSTY,IFSNMDM,AESEGPTYTDKLI,MNHEY,SMNVEV,ASSQTTGADEQF,HLA-B*08:01,ITRAP_3961
VGISA,LSSGK,AVPGAGSYQLT,MNHEY,SMNVEV,ASSLAQRSEQY,HLA-A*02:01,ITRAP_1742
VSNAYN,GSKP,AVPPGFQKLV,SGHDN,FVKESK,ASSQDGGGNTEAF,HLA-A*02:01,VDJdb_70301
DSASNY,IRSNVGE,AAMETSYDKVI,MNHEY,SVGEGT,ASGMTGLTSEQY,HLA-B*08:01,ITRAP_5201
ATGYPS,ATKADDK,ALRRGATDSWGKLQ,SGHVS,FQNEAQ,ASSDQNTGELF,HLA-A*02:01,VDJdb_83099
NSAFQY,TYSSGN,AIMRGADGLT,LGHNA,YNFKEQ,ASSAGLIGANVLT,HLA-A*02:01,ITRAP_2775
DSASNY,IRSNVGE,AASEGAPDKLI,SGHVS,FNYEAQ,ASSFQGLVSSYNEQF,HLA-B*08:01,ITRAP_2650
DSASNY,IRSNVGE,AASETSYDKVI,SGHNS,FNNNVP,ASGQLSYNSPLH,HLA-B*08:01,ITRAP_4078
VSGNPY,YITGDNLV,PLPTNAGKST,SGHDT,YYEEEE,ASSLRDGSEAF,HLA-B*08:01,ITRAP_4294
TTLSN,LVKSGEV,GLNDMR,SGHAT,FQNNGV,ASSLGWDGNTDTQY,HLA-A*02:01,IEDB_191694
DSSSTY,IFSNMDM,AEMEGGSYIPT,SGHNS,FNNNVP,ASSPGTSETGELF,HLA-B*08:01,ITRAP_2781
DSASNY,IRSNVGE,AANGENNAGNMLT,LGHNA,YSLEER,ASSQERGGKWAYEQY,HLA-A*02:01,VDJdb_18522
DRGSQS,IYSNGD,AVGGGGADGLT,SGDLS,YYNGEE,ASSSSLAGGGELF,HLA-A*02:01,ITRAP_2534
DRGSQS,IYSNGD,AVDSGGGADGLT,MNHEY,SVGAGI,ASSSPANEGTDTQY,HLA-A*02:01,ITRAP_3606
YSGSPE,HISR,ALSYSSASKII,MDHEN,SYDVKM,ASSTMVGGKGEKLF,HLA-A*02:01,VDJdb_22828
SSVSVY,YLSGSTLV,AVSEPSGAGSYQLT,ENHRY,SYGVKD,AISRGNEQY,HLA-A*02:01,VDJdb_18694
NSASDY,IRSNMDK,AENEVGSQGNLI,SGHTA,FQGTGA,ASSFYAGSTNEQF,HLA-B*08:01,ITRAP_340
NSASDY,IRSNMDK,ADSGGGADGLT,SGHTA,FQGTGA,ASSLGTSGGTGELF,HLA-B*08:01,ITRAP_3945
NSASQS,VYSSG,VVNGADKII,SEHNR,FQNEAQ,ASSPDIEAF,HLA-A*02:01,VDJdb_22734
SSYSPS,YTSAATLV,VVSDPDTGTYKYI,SNHLY,FYNNEI,ASRDRGNYYGYT,HLA-A*02:01,VDJdb_78880
DRGSQS,IYSNGD,AVNIGTSGAGSYQLT,SQVTM,ANQGSEA,SAGQGPYEQY,HLA-B*08:01,ITRAP_1463
NSMFDY,ISSIKDK,AAWGGDTPLV,KGHDR,SFDVKD,ATSDLANTEAF,HLA-A*02:01,VDJdb_82010
NSAFQY,TYSSGN,AMWGSRNAGNNRKLI,LGHNA,YSLEER,ASSHGGPGGLNEQF,HLA-A*02:01,VDJdb_69346
NSASDY,IRSNMDK,AENAPLGRRALT,LNHDA,SQIVND,ASRINPGGADEAF,HLA-A*02:01,VDJdb_64808
KALYS,LLKGGEQ,GTRYISFTGGGNKLT,SGHNS,FNNNVP,ASSFSGNTGELF,HLA-B*08:01,ITRAP_4132
DSASNY,IRSNVGE,AASETSYDKVI,SQVTM,ANQGSEA,SVEDRRPDEQF,HLA-B*08:01,ITRAP_1844
DRGSQS,IYSNGD,AASSGGSYIPT,SGHDN,FVKESK,ASSQDTSGSGLWTEAF,HLA-A*02:01,ITRAP_2456
DRGSQS,IYSNGD,AVNSGNQFY,MNHEY,SMNVEV,ASRPTGMGQPQH,HLA-A*02:01,VDJdb_71140
DSSSTY,IFSNMDM,AETQDSNYQLI,SGHNS,FNNNVP,ASSFSGNTGELF,HLA-B*08:01,ITRAP_2253
TTLSN,LVKSGEV,AGTYGGSQGNLI,LNHDA,SQIVND,ASSGRSSQPQH,HLA-A*02:01,ITRAP_2224
ATGYPS,ATKADDK,ALRETSYDKVI,SGHNS,FNNNVP,ASSFLDRGPNTEAF,HLA-B*08:01,ITRAP_1130
TSESDYY,QEAYKQQN,AYRADSNYQLI,MNHEY,SVGAGI,ASSYNVRDGDYGYT,HLA-A*02:01,VDJdb_18534
DSASNY,IRSNVGE,AAAETSYDKVI,SEHNR,FQNEAQ,ASSLLGLAETQY,HLA-B*08:01,ITRAP_2680
NSASQS,VYSSG,VVNGKTGNQFY,SGHNT,YYREEE,ASGDLNTGELF,HLA-A*02:01,VDJdb_78373
TSGFNG,NVLDGL,AVTNSNYQLI,MGHDK,SYGVNS,ASRLGTGEVGELF,HLA-A*02:01,VDJdb_69307
DRGSQS,IYSNGD,AVNLGSYIPT,LNHDA,SQIVND,ATSWGGSGELF,HLA-A*02:01,ITRAP_1233
DSVNN,IPSGT,AGSPSNTGKLI,SGHNS,FNNNVP,ASSFSGNTGELF,HLA-A*02:01,ITRAP_4594
NSASQS,VYSSG,VVNIDNARLM,SQVTM,ANQGSEA,SVGQGPYEQY,HLA-B*08:01,ITRAP_1452
VSPFSN,MTFSENT,VGYTNAGKST,SGHTA,FQGNSA,ASSLVVVNTEAF,HLA-B*08:01,ITRAP_964
SVFSS,VVTGGEV,AGGGSQGNLI,SEHNR,FQNEAQ,ASSLLSGTSHEQY,HLA-A*02:01,ITRAP_3925
SVFSS,VVTGGEV,AGTQGGSQGNLI,LNHDA,SQIVND,ASSMLSQDIQY,HLA-A*02:01,VDJdb_75414
VSGNPY,YITGDNLV,AVAKDLQNSGGGADGLT,LGHNA,YSLEER,ASSQEWLAVSTDTQY,HLA-A*02:01,ITRAP_5097
DRGSQS,IYSNGD,AVSFGNEKLTFG,MDHEN,SYDVKM,AEGQGFVGQPQHFG,HLA-A*02:01,IEDB_25893
DSASNY,IRSNVGE,AASETSYDKVI,MGHDK,SYGVNS,ASSEQGQGEKLF,HLA-B*08:01,ITRAP_621
DSASNY,IRSNVGE,AAMETSYDKVI,SGDLS,YYNGEE,ASSVARTGTNTGELF,HLA-B*08:01,ITRAP_74
DSASNY,IRSNVGE,AASETSYDKVI,LGHNT,FRNRAP,ASGLVESAGTEAF,HLA-B*08:01,ITRAP_1935
NSASQS,VYSSG,VVNSHAGNMLT,GTSNPN,SVGIG,ATQTLNTGELF,HLA-A*02:01,VDJdb_78837
NSASDY,IRSNMDK,AENNGGGSQGNLI,LNHDA,SQIVND,ASSIRSGNEQF,HLA-A*02:01,ITRAP_1606
NSASQS,VYSSG,VPRDTGRRALT,SGHDY,FNNNVP,ASSSIYGTSYEQY,HLA-A*02:01,VDJdb_70037
DSASNY,IRSNVGE,AALETSYDKVI,MDHEN,SYDVKM,ASTRQGANEKLF,HLA-B*08:01,ITRAP_3441
DSASNY,IRSNVGE,AAMETSYDKVI,SGHNS,FNNNVP,ASSLGDRAGGYT,HLA-B*08:01,ITRAP_78
TTLSN,LVKSGEV,AALYGGSQGNLI,LNHDA,SQIVND,ASSILSQQPQH,HLA-A*02:01,VDJdb_24473
NSASDY,IRSNMDK,AAPRGGQNFV,LNHDA,SQIVND,ASSIRSSDEQF,HLA-A*02:01,ITRAP_2512
NIATNDY,GYKTK,LVGDPFYSSASKII,SGHNS,FNNNVP,ASSFSGNTGELF,HLA-B*08:01,ITRAP_223
NSASDY,IRSNMDK,AEMETSYDKVI,SGHNS,FNNNVP,ASSFSGNTGELF,HLA-B*08:01,ITRAP_3208
DRGSQS,IYSNGD,AVNDGNKLV,MNHEY,SMNVEV,ASSLSWNQPQH,HLA-A*02:01,ITRAP_1343
DSASNY,IRSNVGE,AASETSYDKVI,LGHNA,YNFKEQ,ASSPDGTGPGDTQY,HLA-B*08:01,ITRAP_2760
